Epoch,training_loss,testing_loss,model_path,sample_sentence
0,1.9279358669,1.9276024015,./data/rnn-theano-50-7-2016-02-14-11-28-11.npz,CGGSENTENCE_STARTCTCGATCTNN
3,1.7115885953,1.7128630019,./data/rnn-theano-50-7-2016-02-14-11-35-30.npz,CCCTGTTGGTAATAATTTTCTACCTAGTSENTENCE_STARTATGAATAATTAATTAAGGTAAAGGTCTAAGGTTGTAGTAAATAASENTENCE_STARTTAAATGTTAAAGTAGGTAACGTTTAATACCCGTCTTAGGTGCGTGAACTGAATAANGTAAGCGTGAGATTTAATAAATGAATTAGSENTENCE_STARTTAACTAASENTENCE_STARTTAGTAATTGATAATAATGAACGTAATTCTGATAATGACTGAATTGAATAAATGTTGSENTENCE_STARTTGAATAAATGAGTAAGTCTAATAATGTAATAASENTENCE_STARTTGAATCTAATGAATAAATATTAATSENTENCE_STARTTGAAATTTAATAAATAAATAACTTAATTTGTAATAATAACTTAACCTAATTTAATTGTAAGTAATAAATAATGSENTENCE_STARTAGT
6,1.7084479152,1.7106358859,./data/rnn-theano-50-7-2016-02-14-11-43-00.npz,SENTENCE_STARTNCCCNSENTENCE_STARTACTGAACTAAGTGATGAAGTGCTGATTAAAAAATGGTAATTGAATAATGGTTCTTATCTCTGGCTGAATGAATNAAATAACTGATGATGATAATGAGTAAATTGTCTTTTAAATAAACGTAATAGCGTGACCATGAGATCGTGASENTENCE_STARTTAATTCCTTTAAAGGTGGCAACTAGAATAACTAAATTAAAAATACTTGAATAAACTAAGCCTSENTENCE_START
9,1.6996175595,1.7015943323,./data/rnn-theano-50-7-2016-02-14-11-50-04.npz,SENTENCE_STARTCTTAAAATAACGTATAATGATTTAAACCTGAGTAATCATTTAACTCCTCTTAAATATTGAATTAAAGTGGGTCTGAAATGSENTENCE_STARTCTGAATAAAGTGAAGTAAATACTGAGTAATTAATAAGCGTGGCTAAAACAAGTAATTAAACGTTAGTGAGTAGCCTAAGTAAGTTAAAGATGAACTGACATAAGTAAATGATTAATGAGTAAGTGATAATGATTAATGATGAAGTTAATAAATAAGTGAATATGATGAACTGGTGAATTTAATATTTAATTAGATAAAAATAACTTAGTAAAAGCTGAATGATTAACTGAAATTTAAATGCGTAAATTAAATGATGATATACTGAAGGTGTGACTGACTTAAGGATTGATTATAATAATTAACGTGACTGATATAAATGTTTGGCCGTGAGAGATGAATAAAATAAGCTG
12,1.7778305714,1.7805588506,./data/rnn-theano-50-7-2016-02-14-11-56-17.npz,GSENTENCE_STARTCTGAATAAGTAGAGTGAAGTGAATTGATTGAATTTAAGTTTAATGTACCTGAAAGAAGCATATAATAAGTTTCTAAGTTTGAATAAGTATGTGAGTAAGCTGTGAATGATAGTAATGATAACTGGTGATTAAGTGAATTAGTTAGTGAATAAGCTTTGTAGTGATTTAACCGTAAATAAATGCATAATGATCGTAAAAGTAAATGASENTENCE_STARTTGAGGTTGAATGAATATAGTAAGTAAGCTGATAAATGAATTCTGATTGCTCTAAATGAATAATTTAAAATAAATAATAACTGAAAACTAAGTATTAAATTTATGAGGCTCTGATTAAAATAGCTAATTAATGATATCCGTTAATAATGTAATTAACTGTGTAATAATAANTAAAATGAAAATAATTAATAAGTGATTGACCATGATGACTAAATGAGGCC
15,1.7534906897,1.7553831258,./data/rnn-theano-50-7-2016-02-14-12-03-07.npz,SENTENCE_STARTCTAGTATTTCTAAGTTAAATTAAAAATAGTAATGTAAAGTAAAGCCTTAATAATGACTAAAGTAGTTAAGCSENTENCE_STARTTGAGTGAATAAATGAAATAATCATTTATCTTTAAACATGAGTAAATAATTGAGAATAAATGACTGAATAACTTTAAGTTAACTAAATTAATTAACGCTAAGTAATGTGTAGTCTAATTAGCTAATTCTAAATTGAGGTCTGACTAATGATAATAATAACTAACTGTAATGAGTGAAATTAAGTTGAAATAAGGGTTAGTATGAATTAATTAAATGAATGATTAAGTAAATATAAATTAAATAAGCGACCTGACTCTGAATGAGTGATTGAATAATGTAAATGAGTAAATATCTGAATTAAGTGAGTAAATAACAGCTAATTGAGTGAACTGAGTTAGCCATAAGTAAAGAACAGTAGTTAATCTGATGAAAGGTAAGTGACAGAATAATTAATTAGCCTGAACTCTGAAGTAA
18,1.7786914639,1.7816703764,./data/rnn-theano-50-7-2016-02-14-12-08-12.npz,NNTANSENTENCE_STARTSENTENCE_STARTSENTENCE_STARTSENTENCE_STARTSENTENCE_STARTSENTENCE_START
21,1.7802837946,1.7828264319,./data/rnn-theano-50-7-2016-02-14-12-13-54.npz,NNGCTGNAAAATTGTAATAATAAGTAAAAGTAATAAGTGAGTATTCCGTAACGTAAATAATGGTAGTAA
24,1.8041714757,1.8066380041,./data/rnn-theano-50-7-2016-02-14-12-20-39.npz,GTCTGTAAATAAGCTGTAGTCTATTTAACTAGATTGAGTCTATTAAGTTAATATTAATTAGTGAANATTAACTTTCTGA
27,1.7823521377,1.7849823473,./data/rnn-theano-50-7-2016-02-14-12-27-16.npz,AAACCTTAAGTTGACTTAAATGTAACTGTTAGAGTAAGTTAAGAAATAATAAGTAATGATTGAAGTAATTTAGTAAATGATTAATTAATGATGACTATTAATTAACTTTCTGAAATAATTGATAATAGCTGAATAATGATGAATAATAAATAAGTTAATTGAACTAGTGTAATAATGATGAAACTAATTAACCGTATTGTCATTGATTAAAAGTGACTAA
30,1.7509540165,1.7536571355,./data/rnn-theano-50-7-2016-02-14-12-33-37.npz,CGNAGACTGTAAGTTAAAATAAATAGTAGTSENTENCE_STARTATGTGAANGTAAATAACTAGCCTGATAATTAAAAATAATGTCGCTAAGTAATAACTAATATTTATTAAATGTAAAAGCTTGAGTGAATAACTTTTTAATAGTAATAACTAAAGAATAACATGTTAATTACTAATAATAAGTTAAGTAACTTCTAATCTGAATATTTAATTAATGATTAATGATGAATTAATATGATTGTGATTAGTTTAAAATGAA
33,1.7487847269,1.7511409218,./data/rnn-theano-50-7-2016-02-14-12-40-03.npz,ATGAATAATTTAAAAATCTCCTGAGCGTAAATAAATGAATAATGTAATAGAGTTTTGATAGAGTGGTATAACCTAATAATGATGAGGTAACTGATTAATTAACSENTENCE_STARTCTTAAATGAATCGATGAAAAATTACTCAGTAATGTGATTGAG
36,1.7510872496,1.7534741831,./data/rnn-theano-50-7-2016-02-14-12-48-03.npz,NNATAAGTGAACCCTGTTGAATAATGATCTGGTTAATAACTGAGAATTAACGATAACTAAATAA
39,1.7568636633,1.7593235572,./data/rnn-theano-50-7-2016-02-14-12-55-55.npz,NSENTENCE_STARTNCNCCTTCTTATGAGTTATTAATAGTAACTTAATAAGTAAGTTTCAGTAATGAATAAATAATGTATTAGTACTGAATAATGACTAATSENTENCE_STARTAATAACTAATAACTAGTAAATAACTGAAACCTAAAATAATTATAATAGTTAATGAGTAATAAACTAATCTAATTAAAAGATGAAAGGTAGTAGGATAAATTGAATGGGTGTAGNAATAAGTAAATGTGCCTTAAAGTATGATTAAGATAATAATAAAATGTAAGTAAGTGAAGNTGAATAATAGCTGTGAAATAATGTAAATTGAGTTAATAAGCTAAGTGATTAACACTGAAATCTAATAATAATAAGTATTAAGTAATAAATAACTAATGTTAAATAAATGAGTAATAAGTGATGAAGTAAGCTGTAGTAGCTAATAAATTTATTAATGGAATTTAAAACTGAAGTAACTAATTTGAATTATCTGTAAATAAAGTATCGTTTAATAATAAATCCTTAATTAACTAAATATTTCTTAAGTGAATGAATTAATAACTAAGTGTAAGTAGCCGTGATTTAAATGAAATATGATAGTAAATGTGTAAATAATAACTGATTTCTTAATAAGCAGGGATTTCTGAGCTAGTAAAATTAAGTAATAGTGATANGCTTAATANATAAATGACATAATTAAACTATATGAGTGATGAAGGCTATAAATAAGTAATTTTAATTTAGATCCTTTTAATTAAATGAATTAAGTAATAAATAAGTAATATGAATAAATTAATTAAATGATTAAAATAACTAAANATGAATTAAAAATGAATAGTAAATAATCATAACTTGCTTAAGTTAAATGTTAAGTAGCTGAATAATGGTAANAGTAATAAAGATCTAACTAATCNCTAATTTAATAACTAATAATTNAATAAATTTAATGAAATGAACTAACCTAAATGATAACTNATATGGATAATGCATAATGATAAGTAATATAATGSENTENCE_STARTTAAAGTTCGATTAATGAATGAGTAAATATTAAATAGTGATGATAATGATGGCTGATAATGATTAATAAAGCTATAATAATAAGCTTTAATA
,,,,
,,,,
,,,,
,,,,
,,,,
,,,,
,,,,
,,,,
,,,,
,,,,
,,<,,
